Threads,exec_time,speedup
1S, 0.019197 , 1
1, 0.021212 ,.905006
2, 0.016499 ,1.163525
3, 0.015565 ,1.233344
4, 0.019452 ,.986890
