Threads,exec_time,speedup
1S, 0.081284 , 1
1, 0.079144 ,1.027039
2, 0.054703 ,1.485914
3, 0.052325 ,1.553444
4, 0.052960 ,1.534818
