Threads,exec_time,speedup
1S, 0.021530 , 1
1, 0.020061 ,1.073226
2, 0.018835 ,1.143084
3, 0.015210 ,1.415516
4, 0.016345 ,1.317222
