Threads,exec_time,speedup
1S, 4.809737 , 1
1, 5.401822 ,.890391
2, 3.579833 ,1.343564
3, 3.399840 ,1.414695
4, 3.419645 ,1.406501
