Threads,exec_time,speedup
1S, 2.953529 , 1
1, 10.097973 ,.292487
2, 4.691472  ,.629552
3, 3.500538  ,.843735
4, 2.790727  ,1.058336
