Threads,exec_time,speedup
1S, 0.590256 , 1
1, 0.582930 ,1.012567
2, 0.376975 ,1.565769
3, 0.395668 ,1.491796
4, 0.429107 ,1.375545
