Threads,exec_time,speedup
1S, 0.058301 , 1
1, 0.053616 ,1.087380
2, 0.036700 ,1.588583
3, 0.040288 ,1.447105
4, 0.036647 ,1.590880
