Threads,exec_time,speedup
1S, 0.032501 , 1
1, 0.032902 ,.987812
2, 0.020415 ,1.592015
3, 0.023813 ,1.364842
4, 0.032167 ,1.010383
