Threads,exec_time,speedup
1S, 8.398112 , 1
1, 8.489863 ,.989192
2, 5.170071 ,1.624370
3, 5.109285 ,1.643696
4, 5.510536 ,1.524010
