Threads,exec_time,speedup
1S, 0.295013 , 1
1, 0.303465 ,.972148
2, 0.190312 ,1.550154
3, 0.188250 ,1.567134
4, 0.203638 ,1.448712
