Threads,exec_time,speedup
1S, 1.027151 , 1
1, 1.013623 ,1.013346
2, 0.575895 ,1.783573
3, 0.624159 ,1.645655
4, 0.684067 ,1.501535
