Threads,exec_time,speedup
1S, 0.020329 , 1
1, 0.023333 ,.871255
2, 0.015701 ,1.294758
3, 0.015241 ,1.333836
4, 0.018722 ,1.085834
