Threads,exec_time,speedup
1S, 0.042963 , 1
1, 0.045171 ,.951119
2, 0.028047 ,1.531821
3, 0.034047 ,1.261873
4, 0.033107 ,1.297701
