Threads,exec_time,speedup
1S, 4.918830 , 1
1, 5.267938 ,.933729
2, 3.184987 ,1.544379
3, 3.860409 ,1.274173
4, 3.568738 ,1.378310
